Imbalance_Method,Epoch,Train_Loss,Validation_Weighted_F1,AF_F1,SVT_F1,Sinus Brady_F1,Sinus Rhythm_F1
None,0,0.3778641427486715,0.8836053443195653,0.8917705735660848,0.11940298507462686,0.9593301435406698,0.8181818181818182
None,1,0.281139043225369,0.8939550687676319,0.9,0.2465753424657534,0.9638258736971184,0.8285714285714286
None,2,0.26032575524189105,0.9001288060780626,0.905116741182315,0.33766233766233766,0.963275135460566,0.8387942332896461
None,3,0.25092040453578385,0.909188490104694,0.9085457271364318,0.54,0.9637243047158404,0.8511198945981555
None,4,0.24136668149854096,0.902991946166931,0.9016641452344932,0.5142857142857142,0.9611476389719068,0.8419654714475432
None,5,0.23660304197962856,0.9094916187521888,0.9092741935483871,0.4835164835164835,0.9633633633633634,0.8604651162790697
None,6,0.22641398936090334,0.9101310683526112,0.906060606060606,0.5420560747663551,0.9661954517516902,0.8575
None,7,0.22043501711647276,0.9116718531235595,0.9115175481957489,0.48936170212765956,0.9670731707317073,0.8586525759577279
None,8,0.21067265216523492,0.9100949594677992,0.9102627664848786,0.5384615384615384,0.9641975308641976,0.851228978007762
None,9,0.2143247676357417,0.9053050522866223,0.9004106776180698,0.5607476635514018,0.9663056558363418,0.8406524466750314
None,10,0.20063598391035914,0.9153024111436796,0.9127382146439318,0.5436893203883495,0.9673123486682809,0.8679738562091504
None,11,0.19764673132711733,0.9072377113831172,0.9038167938931297,0.5585585585585585,0.9631864815932408,0.8501920614596671
None,12,0.19418182108603732,0.9144593937356162,0.9116465863453815,0.5555555555555556,0.9696601941747572,0.8590078328981723
None,13,0.18947253292295294,0.9181404828063453,0.9152882205513785,0.5769230769230769,0.9691096305269533,0.8691099476439791
None,14,0.1832923721784437,0.9186228893359689,0.9148936170212766,0.6456692913385826,0.9670731707317073,0.8667529107373868
None,15,0.1775377187615549,0.9148496683341975,0.9103797468354431,0.6153846153846154,0.9641772920461446,0.8670967741935484
None,16,0.17581794668041484,0.9158377853899428,0.9128051818634778,0.6086956521739131,0.9689213893967094,0.8575233022636485
None,17,0.16911320808068128,0.9127252486794366,0.9122807017543859,0.5306122448979592,0.9662783568362967,0.8582278481012658
None,18,0.16516415271121013,0.91050347273593,0.9060436769933977,0.5714285714285714,0.9670461354104254,0.8534031413612565
None,19,0.1610697187798124,0.9077376204580769,0.9055666003976143,0.5242718446601942,0.9658952496954933,0.8480845442536328
None,20,0.15359900676658456,0.9110400149343649,0.907175112895133,0.5504587155963303,0.9677811550151976,0.8552803129074316
None,21,0.14928855185567494,0.9100293935155342,0.9064386317907445,0.5471698113207547,0.9671532846715328,0.8530927835051546
None,22,0.14269854836690593,0.9171380395468317,0.9174493326742462,0.6138613861386139,0.967032967032967,0.8563829787234043
None,23,0.13754703860047837,0.9135034918930637,0.9094587759231159,0.5964912280701754,0.9682926829268292,0.855683269476373
None,24,0.1390568852739435,0.9092354452598812,0.9043037974683544,0.5714285714285714,0.968408262454435,0.8475452196382429
None,25,0.13189223193576638,0.9126762565026434,0.9092752154080082,0.5862068965517241,0.9628727936701157,0.8644501278772379
None,26,0.1282354212877616,0.9115016231031623,0.9091821374811841,0.5825242718446602,0.9644607843137255,0.8549618320610687
None,27,0.1278274145869302,0.9113597278415109,0.9066802651708312,0.5714285714285714,0.967391304347826,0.8560509554140128
None,28,0.12512580486355532,0.9137361273501374,0.9120160884866767,0.5555555555555556,0.9689592209373098,0.8552971576227391
None,29,0.11990319433766351,0.9119270625477525,0.9066666666666666,0.591304347826087,0.9663461538461539,0.8585987261146497
None,30,0.116140095858087,0.9122346176144508,0.9082521783700667,0.5904761904761905,0.963319302465424,0.8628930817610063
None,31,0.11486285694048438,0.9163673600425186,0.9139406139909411,0.5607476635514018,0.9683313032886723,0.8663239074550129
None,32,0.10430060812390186,0.9148750091229648,0.910010111223458,0.5769230769230769,0.9702489374620522,0.8611464968152867
None,33,0.10389392980387513,0.9139335125033583,0.9110105580693816,0.5360824742268041,0.970392749244713,0.8589909443725744
None,34,0.10882883957049376,0.909977855574262,0.9054878048780488,0.5789473684210527,0.9665246500304321,0.8517110266159695
WeightedCE,0,0.5386517003808223,0.8183351458685726,0.7512254901960784,0.3227848101265823,0.9553305539011316,0.7756482525366404
WeightedCE,1,0.4202434360771112,0.851793934938862,0.8204545454545454,0.42105263157894735,0.9593596059113301,0.7694013303769401
WeightedCE,2,0.3905087283379595,0.8699298374381453,0.8473451327433629,0.4279475982532751,0.9573690621193667,0.8095808383233533
WeightedCE,3,0.37036250961918227,0.871198427382651,0.846111417539989,0.41201716738197425,0.9614678899082569,0.8139255702280912
WeightedCE,4,0.3425389539817689,0.8624142730916764,0.82893998878295,0.35251798561151076,0.9569957601453665,0.8254364089775561
WeightedCE,5,0.3288108535425764,0.8779818144544886,0.8541666666666666,0.42201834862385323,0.9624697336561744,0.8292682926829268
WeightedCE,6,0.3217769595728794,0.8610432091161503,0.8315492957746479,0.4048582995951417,0.9541511771995044,0.8086560364464692
WeightedCE,7,0.3061313290201442,0.8858967059786726,0.8730583824317086,0.48704663212435234,0.9603469640644362,0.8214285714285714
WeightedCE,8,0.2978053651225399,0.8780996367035463,0.8529729729729729,0.3881856540084388,0.9642857142857143,0.8343711083437111
WeightedCE,9,0.28218644720987535,0.8808699915233462,0.8547579298831386,0.4132231404958678,0.9642640823743186,0.8422330097087378
WeightedCE,10,0.27989140079474784,0.8729897417069502,0.844170403587444,0.37735849056603776,0.9629179331306991,0.8317073170731707
WeightedCE,11,0.270283134995212,0.8778373687673893,0.8511576626240352,0.392,0.9641337386018237,0.8372670807453416
WeightedCE,12,0.26891718238172396,0.8768096497624281,0.8498331479421579,0.4383561643835616,0.9639584605986561,0.827906976744186
WeightedCE,13,0.2564676240296431,0.8824851197688021,0.8609125893347993,0.4366812227074236,0.9651376146788991,0.8303249097472925
WeightedCE,14,0.2451707966310877,0.888575868291478,0.8713513513513513,0.45320197044334976,0.9649661954517517,0.8369304556354916
WeightedCE,15,0.250984347412284,0.8849435200380766,0.862125340599455,0.4411764705882353,0.9641772920461446,0.8429951690821256
WeightedCE,16,0.2808584153757129,0.8876775477800706,0.8671405139420448,0.44651162790697674,0.9654754694124773,0.8424908424908425
WeightedCE,17,0.24709196084401977,0.8886187039774862,0.8796992481203008,0.5113636363636364,0.9594594594594594,0.8183962264150944
WeightedCE,18,0.22683279489127683,0.8881060904114404,0.8646003262642741,0.4326923076923077,0.9709090909090909,0.8421052631578947
WeightedCE,19,0.2240841611170433,0.8984498842604607,0.8880714661061482,0.49710982658959535,0.9632352941176471,0.8486352357320099
WeightedCE,20,0.21721903171757578,0.8989498209186314,0.885593220338983,0.5176470588235295,0.9681762545899633,0.8442822384428224
WeightedCE,21,0.22625726015425066,0.8905661809055639,0.877605558524853,0.4858757062146893,0.960880195599022,0.8361445783132531
WeightedCE,22,0.20183384696572598,0.8986351700849828,0.8870116156282999,0.525,0.966319657072872,0.841596130592503
WeightedCE,23,0.20035322466996355,0.8940814072217195,0.8805570433851098,0.5371428571428571,0.9641337386018237,0.8343409915356711
WeightedCE,24,0.19879099747664492,0.8858767040980948,0.8643051771117166,0.4444444444444444,0.9651802076970067,0.8401937046004843
WeightedCE,25,0.17891741795858868,0.8917451246475322,0.8796592119275826,0.5,0.9601471489883507,0.8371531966224367
WeightedCE,26,0.19273732718027814,0.8979872999772038,0.8871224165341812,0.5714285714285714,0.9657701711491442,0.8315412186379928
WeightedCE,27,0.20152652735861254,0.9001475403062051,0.8881754949170679,0.5,0.9617950272892662,0.8609756097560975
WeightedCE,28,0.18851218545730686,0.9057128107520913,0.8964059196617337,0.5641025641025641,0.9666059502125076,0.8522588522588522
WeightedCE,29,0.18372287921292682,0.8857847135707234,0.8663393344244408,0.4712041884816754,0.9664019547953574,0.8276670574443142
WeightedCE,30,0.1738701231882606,0.8928546708269561,0.8794858061060525,0.4835164835164835,0.9617950272892662,0.8431372549019608
WeightedCE,31,0.16861081553596846,0.8982361463090212,0.8891224382553863,0.55,0.9596577017114915,0.8441717791411043
WeightedCE,32,0.1682812943005226,0.9069921906610017,0.8979591836734694,0.5316455696202531,0.9682926829268292,0.8571428571428571
WeightedCE,33,0.1788398355350528,0.8993105861940978,0.8841201716738197,0.5263157894736842,0.9685990338164251,0.8479809976247031
WeightedCE,34,0.20503900357535187,0.8978593584813674,0.8836712913553896,0.45454545454545453,0.9665246500304321,0.8560700876095119
WeightedCE,35,0.172928170471544,0.8976016464160217,0.8839427662957074,0.4659090909090909,0.9658119658119658,0.8536285362853628
WeightedCE,36,0.17104873942657256,0.9079940494039808,0.900523560209424,0.5432098765432098,0.9677811550151976,0.8557089084065245
WeightedCE,37,0.1538267968825891,0.8984592324275998,0.8843683083511777,0.4888888888888889,0.9684466019417476,0.8484107579462102
WeightedCE,38,0.14991713351976704,0.9078610537399268,0.8982785602503912,0.5477707006369427,0.9666059502125076,0.862547288776797
WeightedCE,39,0.15102327399900262,0.9036492414924907,0.8965158606344253,0.5490196078431373,0.962287104622871,0.8513853904282116
WeightedCE,40,0.14276013630901424,0.8968456472661115,0.8820074746396156,0.4942528735632184,0.9648484848484848,0.8518971848225214
WeightedCE,41,0.14546860366220205,0.9053751813964751,0.8930620761606677,0.5325443786982249,0.9726110772976263,0.8509554140127389
WeightedCE,42,0.14919439564183565,0.8973557192598894,0.8865210442194992,0.5176470588235295,0.9673123486682809,0.8343558282208589
WeightedCE,43,0.1437441757027532,0.9062265900291304,0.8983845752996352,0.5512820512820513,0.9645909645909646,0.8564294631710362
WeightedCE,44,0.13821770387216353,0.9072985894541608,0.8984455958549222,0.5733333333333334,0.9689213893967094,0.849936948297604
WeightedCE,45,0.13664335867678615,0.8968048672325304,0.8888888888888888,0.5207100591715976,0.9635577516985794,0.8325358851674641
WeightedCE,46,0.1374947507931313,0.9118439041319363,0.9054263565891473,0.5793103448275863,0.9713589274832419,0.8524590163934426
WeightedCE,47,0.13788848365066755,0.9083993141595701,0.9018789144050104,0.5531914893617021,0.9676632092739476,0.8533007334963325
WeightedCE,48,0.1437441005148518,0.9058425650371396,0.8951781970649895,0.5584415584415584,0.9709090909090909,0.8478802992518704
WeightedCE,49,0.12728795118000305,0.9027816164545501,0.8940188877229801,0.5060240963855421,0.9660194174757282,0.8513853904282116
WeightedCE,50,0.13256880766908888,0.9079648502188157,0.8989583333333333,0.5157232704402516,0.967702620353443,0.8639798488664987
WeightedCE,51,0.12543447884980222,0.9036161074379951,0.8943772990015765,0.49673202614379086,0.9660194174757282,0.8567901234567902
WeightedCE,52,0.12599058611921862,0.9071250917879239,0.8992167101827676,0.593103448275862,0.965558912386707,0.851063829787234
WeightedCE,53,0.11149053152283313,0.9001429200796869,0.8897136797454931,0.5031446540880503,0.9660606060606061,0.8473748473748474
WeightedCE,54,0.11678702901051917,0.9077190229536,0.8988529718456726,0.5405405405405406,0.9690721649484536,0.8560700876095119
WeightedCE,55,0.11399827052799749,0.9070139610697332,0.9010416666666666,0.5833333333333334,0.9680589680589681,0.8418491484184915
WeightedCE,56,0.14283717814570582,0.9069545453672742,0.8984455958549222,0.5562913907284768,0.9683698296836983,0.8517110266159695
WeightedCE,57,0.15623614858363716,0.9020019453547568,0.8914646996838778,0.5,0.967504598405886,0.8511685116851169
WeightedCE,58,0.12360863057030759,0.9058646968201549,0.8970203868269734,0.5256410256410257,0.9640900791235545,0.8628428927680798
WeightedCE,59,0.11627407744526863,0.9123671142710812,0.9048603929679421,0.5419354838709678,0.9682151589242054,0.8694550063371356
WeightedCE,60,0.10988407290842332,0.9112575780742772,0.9048843187660668,0.583941605839416,0.967032967032967,0.8589420654911839
WeightedCE,61,0.10683321367791841,0.904059325223619,0.8950682056663168,0.5733333333333334,0.9664429530201343,0.8449328449328449
WeightedCE,62,0.11467105315499743,0.9073841249418636,0.9028213166144201,0.5594405594405595,0.9663608562691132,0.8467153284671532
WeightedCE,63,0.10346398462580753,0.908017795636161,0.9022245214692188,0.54421768707483,0.9668711656441717,0.8532338308457711
WeightedCE,64,0.10192454349197133,0.9050451437694963,0.8929889298892989,0.5121951219512195,0.9691842900302114,0.8596491228070176
WeightedCE,65,0.10337246133303138,0.9004563475095118,0.8904037755637126,0.5283018867924528,0.9640024405125076,0.8479604449938195
WeightedCE,66,0.09978859441381105,0.9128196789183517,0.9053842132775745,0.589041095890411,0.967741935483871,0.8645320197044335
WeightedCE,67,0.10384251313730025,0.9081870434389833,0.9037267080745341,0.547945205479452,0.9645909645909646,0.8546365914786967
WeightedCE,68,0.10290962963981527,0.8975682121835438,0.893883951907998,0.543046357615894,0.958462492250465,0.8315412186379928
WeightedCE,69,0.10273915182956507,0.9063324074864939,0.8957894736842106,0.5394736842105263,0.9696969696969697,0.854679802955665
WeightedCE,70,0.0906872668526542,0.9108095014804342,0.9040816326530612,0.556390977443609,0.9708029197080292,0.8545688545688546
WeightedCE,71,0.08833410053081076,0.9069749462328117,0.9003083247687564,0.5899280575539568,0.967623701893708,0.8434343434343434
WeightedCE,72,0.09063968427059516,0.9070427383981289,0.9002610966057442,0.5692307692307692,0.9678202792956891,0.8467153284671532
WeightedCE,73,0.08503693460263836,0.9092688019490752,0.9029227557411273,0.5735294117647058,0.9689592209373098,0.8498168498168498
WeightedCE,74,0.09937614921323011,0.9076672885608584,0.8991507430997877,0.581081081081081,0.9667673716012085,0.8536880290205562
WeightedCE,75,0.08967528220685855,0.9022075511497119,0.894681960375391,0.54421768707483,0.9639584605986561,0.8448275862068966
WeightedCE,76,0.0927990034589885,0.9056271521056987,0.8963001563314226,0.5512820512820513,0.9671532846715328,0.8528301886792453
WeightedCE,77,0.0841152261103123,0.9060884613751377,0.8977685521536066,0.5652173913043478,0.9677811550151976,0.8482587064676617
WeightedCE,78,0.08707878976063409,0.9088826649280543,0.9025906735751296,0.5241379310344828,0.9702850212249848,0.8531645569620253
WeightedCE,79,0.08717079515713201,0.9070266754298918,0.8987603305785123,0.562962962962963,0.9678593086719224,0.8513853904282116
Focal,0,0.09158125299383217,0.8579545280518811,0.8254504504504504,0.42424242424242425,0.959378733572282,0.792147806004619
Focal,1,0.06684346093048513,0.8776557159019034,0.8692913385826772,0.5064935064935064,0.9546302050963331,0.7919621749408984
Focal,2,0.06026918071151619,0.8805329806409719,0.8664879356568365,0.467005076142132,0.9583843329253366,0.8141809290953546
Focal,3,0.056103272940701165,0.8813760047907588,0.8674568965517241,0.42857142857142855,0.9578497251069029,0.8236744759556104
Focal,4,0.052022969481390964,0.8815329522103645,0.8648068669527897,0.4607329842931937,0.9569377990430622,0.8284625158831004
Focal,5,0.05101081281638061,0.8924092867506818,0.8803373748023194,0.4875,0.9613992762364294,0.8385481852315394
Focal,6,0.048118489387799314,0.8824532445892078,0.8602383531960996,0.4343891402714932,0.9654747225647349,0.8315151515151515
Focal,7,0.047444645774511386,0.8990276011376356,0.8880714661061482,0.5086705202312138,0.9667487684729064,0.8427518427518428
Focal,8,0.04350913191397845,0.8909015376592353,0.8808777429467085,0.47513812154696133,0.9631901840490797,0.826362484157161
Focal,9,0.04249350783008505,0.8720849412484656,0.841225626740947,0.39669421487603307,0.9661016949152542,0.8242424242424242
Focal,10,0.04367746143851062,0.8617859631797243,0.817818389491719,0.33557046979865773,0.9689213893967094,0.8276699029126213
Focal,11,0.0407503198202647,0.8889826470422559,0.8654467168998924,0.4225352112676056,0.9694749694749695,0.8496894409937888
Focal,12,0.04062836058437824,0.8887440577568292,0.8794858061060525,0.5411764705882353,0.958819913952059,0.8164705882352942
Focal,13,0.038701952107145755,0.8849595816445114,0.8628099173553719,0.5026178010471204,0.9647630619684082,0.8306264501160093
Focal,14,0.03914023087110738,0.8943191286435729,0.8764769065520945,0.47115384615384615,0.9653073645769933,0.8539325842696629
Focal,15,0.03810213552132039,0.8908132642917339,0.8735262593783494,0.48205128205128206,0.9647201946472019,0.8405438813349815
Focal,16,0.04335197202966247,0.8927866414950488,0.8770799785292539,0.4253393665158371,0.9638258736971184,0.853566958698373
Focal,17,0.03702972519775512,0.8916695250318976,0.877605558524853,0.5280898876404494,0.961916461916462,0.8339307048984468
Focal,18,0.03574088651319625,0.890792098130155,0.8681081081081081,0.44954128440366975,0.9673123486682809,0.853904282115869
Focal,19,0.03421682287269915,0.9073063787222769,0.8992805755395683,0.5771812080536913,0.970873786407767,0.8430609597924773
Focal,20,0.03219097577245303,0.8958032581378668,0.8770622671633848,0.5,0.9679758308157099,0.851010101010101
Focal,21,0.032891650251309634,0.9018743555677055,0.8922594142259415,0.5232558139534884,0.9645909645909646,0.851010101010101
Focal,22,0.030868074607471346,0.8968956251955853,0.8888888888888888,0.5116279069767442,0.9630996309963099,0.8354430379746836
Focal,23,0.029997387468080287,0.9024881794216462,0.8897097625329815,0.5310734463276836,0.9659367396593674,0.8571428571428571
Focal,24,0.029675173369879033,0.886161521598845,0.8583925642427556,0.42677824267782427,0.9708029197080292,0.8478802992518704
Focal,25,0.030807239974153713,0.9002958385457646,0.8847385272145144,0.5136612021857924,0.9655172413793104,0.8606965174129353
Focal,26,0.029225714373546586,0.8994945089766018,0.8898216159496327,0.5146198830409356,0.9625537139349294,0.849009900990099
Focal,27,0.028151484862179825,0.90130116428136,0.8885350318471338,0.5111111111111111,0.9665246500304321,0.8550185873605948
Focal,28,0.027705550698799566,0.9058420308369763,0.8962264150943396,0.5146198830409356,0.9689592209373098,0.8560606060606061
Focal,29,0.02773775028484598,0.8887390312348541,0.8712121212121212,0.4519230769230769,0.9620563035495716,0.8446601941747572
Focal,30,0.02723536514480349,0.9008324260527684,0.8900578642819569,0.5251396648044693,0.9605343047965998,0.8589580686149937
Focal,31,0.024684858764193848,0.9060717062494453,0.893970893970894,0.5308641975308642,0.9696233292831106,0.8593350383631714
Focal,32,0.025445488176610267,0.9075708528727354,0.9015112037519541,0.5590062111801242,0.966686856450636,0.8505747126436781
Focal,33,0.026759552592280467,0.9020708440117841,0.8863879957127545,0.569620253164557,0.9710144927536232,0.8465227817745803
Focal,34,0.02656282350735765,0.9074776926679764,0.8968046097433211,0.5897435897435898,0.9706242350061199,0.849079754601227
Focal,35,0.026339981265523484,0.9025548229414692,0.8932439401753481,0.5189873417721519,0.9650949173300674,0.8520408163265306
Focal,36,0.02644542927368426,0.9108002093179653,0.9030927835051547,0.5641025641025641,0.9707317073170731,0.8560411311053985
Focal,37,0.023536292973800863,0.8983177484386464,0.8890057864281957,0.5168539325842697,0.9610705596107056,0.8470290771175727
Focal,38,0.023009058055271144,0.9024324418594842,0.8919060052219321,0.5521472392638037,0.9660194174757282,0.8477157360406091
Focal,39,0.022428911094042197,0.9091565494009115,0.8993775933609959,0.5641025641025641,0.9688454489920586,0.8600252206809584
Focal,40,0.023165883132400856,0.8974861810171944,0.8821656050955414,0.5348837209302325,0.9648484848484848,0.849009900990099
Focal,41,0.02082495826204688,0.902494740502975,0.890382626680455,0.5287356321839081,0.9653073645769933,0.8571428571428571
Focal,42,0.022086736319822744,0.9104547717703122,0.9025906735751296,0.5793103448275863,0.9680915111378687,0.8586118251928021
Focal,43,0.02202953497262698,0.9052996374473076,0.894681960375391,0.5421686746987951,0.9654754694124773,0.8600770218228498
Focal,44,0.020511617182268644,0.906028155054757,0.897196261682243,0.5789473684210527,0.9646772228989038,0.853904282115869
Focal,45,0.019281082327516987,0.9092452763336154,0.900771208226221,0.5850340136054422,0.9675840978593272,0.8564167725540025
Focal,46,0.02076382450365894,0.9079637969456267,0.9016393442622951,0.5972222222222222,0.9652226967663209,0.8498074454428755
Focal,47,0.019492192436534335,0.904069490964779,0.8984615384615384,0.5641025641025641,0.9654747225647349,0.8396946564885496
Focal,48,0.022431600333886668,0.9104006245945573,0.9038854805725971,0.6231884057971014,0.9659781287970839,0.8527131782945736
Focal,49,0.018578589933229164,0.9023560545911865,0.8919202518363064,0.546583850931677,0.9654754694124773,0.8492462311557789
Focal,50,0.017728304870846406,0.9063345265887156,0.9,0.54421768707483,0.9646341463414634,0.8538754764930114
Focal,51,0.018604480340079943,0.9060350856307254,0.89375,0.5308641975308642,0.9672330097087378,0.8647959183673469
Focal,52,0.019853470853569224,0.9086564304666074,0.8992248062015504,0.5555555555555556,0.9708029197080292,0.854614412136536
Focal,53,0.01747430946914033,0.9092861706622092,0.9020217729393468,0.5857142857142857,0.9708029197080292,0.846441947565543
Focal,54,0.018493743173935463,0.9008590796006072,0.8854003139717426,0.5056179775280899,0.9678202792956891,0.8586118251928021
Focal,55,0.019491870815432827,0.9014489213136119,0.8908803373748023,0.5477707006369427,0.9656019656019657,0.8461538461538461
Focal,56,0.020995134284431245,0.9126647015691642,0.9056410256410257,0.6013986013986014,0.9683698296836983,0.8597168597168597
Focal,57,0.01904879996395657,0.9000053297767202,0.8860625331213566,0.5139664804469274,0.9682151589242054,0.8497536945812808
Focal,58,0.016285303099618727,0.9076407184725636,0.9014803471158754,0.5517241379310345,0.9659367396593674,0.8537859007832899
Focal,59,0.015500891691362354,0.9128700854055671,0.9059481443823081,0.5693430656934306,0.9694749694749695,0.8626943005181347
Focal,60,0.015412987140991109,0.9121115808306051,0.905273937532002,0.5882352941176471,0.9687691365584813,0.8585858585858586
Focal,61,0.016494032841595545,0.9086019916635064,0.9004149377593361,0.5283018867924528,0.9665653495440729,0.8644501278772379
Focal,62,0.018467122324886665,0.898086470771125,0.8908341915550978,0.5093167701863354,0.9606879606879607,0.842911877394636
Focal,63,0.018960590989158397,0.9063045508890873,0.8943514644351465,0.5454545454545454,0.9666059502125076,0.8639200998751561
Focal,64,0.015045928863913451,0.9083882579506168,0.9002583979328166,0.6142857142857143,0.9673123486682809,0.8487928843710292
Focal,65,0.014283966250114247,0.9093513905602241,0.9016393442622951,0.5673758865248227,0.9675840978593272,0.8575063613231552
Focal,66,0.015034651262423312,0.9087671489233308,0.9022245214692188,0.5394736842105263,0.9672727272727273,0.8575096277278562
Focal,67,0.014828887840234478,0.9095338904454091,0.900518134715026,0.5633802816901409,0.9692214846107423,0.8585987261146497
Focal,68,0.014743026024596373,0.9069876575875544,0.9002079002079002,0.5891472868217055,0.9692874692874693,0.8403361344537815
Focal,69,0.016740179315707843,0.9084682940623865,0.9036579082946935,0.5454545454545454,0.966686856450636,0.8523748395378691
Focal,70,0.013824983037562228,0.9027309958839758,0.8924675324675325,0.5277777777777778,0.9683313032886723,0.8468244084682441
Focal,71,0.013405820617163685,0.9035616173519189,0.8961636828644501,0.5390070921985816,0.9701401584399756,0.8365508365508365
Focal,72,0.013768451275225257,0.9072187827923693,0.9022633744855967,0.5323741007194245,0.9688834655277608,0.8459595959595959
Focal,73,0.012547004318625574,0.9117017201891681,0.9061056952283222,0.5416666666666666,0.9696233292831106,0.8593548387096774
Focal,74,0.014247365515600418,0.9065994664418784,0.8983228511530398,0.5194805194805194,0.9666464523953912,0.8592777085927771
Focal,75,0.014206931486883213,0.9056898791440829,0.8981288981288982,0.5915492957746479,0.9660606060606061,0.8446115288220551
Focal,76,0.012570021100158632,0.9076739299878184,0.9005667181865018,0.5793103448275863,0.9640900791235545,0.8560509554140128
Focal,77,0.012638546037815616,0.9103311105806017,0.9047131147540983,0.5864661654135338,0.9696233292831106,0.8480204342273308
Focal,78,0.01240119379026894,0.904302892528547,0.8948453608247423,0.5217391304347826,0.9671132764920828,0.8534370946822308
Focal,79,0.012062204126137453,0.9134232472902118,0.9060092449922958,0.6166666666666667,0.9691096305269533,0.8592964824120602
SMOTEENN,0,0.19512654544483304,0.7944650584436254,0.710172744721689,0.301994301994302,0.9542403904820013,0.7471383975026015
SMOTEENN,1,0.09580732573857483,0.8468328933222632,0.8080924855491329,0.3798449612403101,0.9567336989640464,0.784180790960452
SMOTEENN,2,0.07257380121002334,0.8321046181541965,0.7857142857142857,0.43555555555555553,0.9513513513513514,0.7584745762711864
SMOTEENN,3,0.0620362794524088,0.8460781492189609,0.8127167630057803,0.4474885844748858,0.9551872314303254,0.7606837606837606
SMOTEENN,4,0.05298825290483174,0.834511323156712,0.7914691943127962,0.37735849056603776,0.9515260323159784,0.7662921348314606
SMOTEENN,5,0.04734993590461334,0.8655995009555763,0.8408071748878924,0.4971751412429379,0.959902794653706,0.7850055126791621
SMOTEENN,6,0.041428834585112116,0.862228833716458,0.8354002254791432,0.46632124352331605,0.9585870889159561,0.7867403314917127
SMOTEENN,7,0.03634975186953838,0.8606920730887155,0.834841628959276,0.4742268041237113,0.9560439560439561,0.7833698030634574
SMOTEENN,8,0.03537928566570681,0.8694021017483552,0.8474007825600894,0.46938775510204084,0.960927960927961,0.792368125701459
SMOTEENN,9,0.03246526120484109,0.8524476339018494,0.823327615780446,0.4791666666666667,0.9534180278281912,0.7695652173913043
SMOTEENN,10,0.029982469815039197,0.8679123011402231,0.8440469536053661,0.44878048780487806,0.9581564584596726,0.801377726750861
SMOTEENN,11,0.027451479510057972,0.8580444131159791,0.8372881355932204,0.4787234042553192,0.9501538461538461,0.7733619763694952
SMOTEENN,12,0.02571238216417427,0.8576288284288641,0.8264840182648402,0.4321608040201005,0.9617950272892662,0.7811816192560175
SMOTEENN,13,0.024840504596624232,0.8509421623283522,0.816350028785262,0.41379310344827586,0.9579011592434411,0.7792494481236203
SMOTEENN,14,0.022126052309198216,0.8646925324123266,0.8417508417508418,0.5316455696202531,0.9541062801932367,0.7843137254901961
SMOTEENN,15,0.023651268811048013,0.8664102509586505,0.8436974789915966,0.5333333333333333,0.9590714722052535,0.7785087719298246
SMOTEENN,16,0.02063214683939376,0.867308987700728,0.8500842223469961,0.4842105263157895,0.9527272727272728,0.7883538633818589
SMOTEENN,17,0.01998290626627164,0.8644616656233914,0.8390739695087521,0.44651162790697674,0.9603416717510678,0.7896512935883014
SMOTEENN,18,0.018684330691963784,0.8645176626328717,0.8416901408450704,0.4861878453038674,0.9552058111380145,0.7880794701986755
SMOTEENN,19,0.01821847855544976,0.8659462067486836,0.8415730337078652,0.4888888888888889,0.9601930036188179,0.7857142857142857
SMOTEENN,20,0.01558127508593811,0.8654125674234185,0.8455103179029559,0.4816753926701571,0.9531442663378545,0.788546255506608
SMOTEENN,21,0.01618206652164147,0.8595400550815803,0.8431703204047217,0.5119047619047619,0.9483282674772037,0.7657266811279827
SMOTEENN,22,0.016980395274461095,0.8705139851176882,0.8504724847137298,0.5146198830409356,0.9592705167173252,0.7875417130144605
SMOTEENN,23,0.0163705402391558,0.8597381035372341,0.8368953880764904,0.4648648648648649,0.9530773918342474,0.7802197802197802
SMOTEENN,24,0.01555952462867507,0.859068449633366,0.8378076062639821,0.4918032786885246,0.9523809523809523,0.7712707182320442
SMOTEENN,25,0.013384343939833343,0.8511156351296189,0.8221841052029731,0.46632124352331605,0.9511164755582378,0.7715846994535519
SMOTEENN,26,0.0139010295629043,0.860735667875898,0.8392554991539763,0.5287356321839081,0.950363196125908,0.7759562841530054
SMOTEENN,27,0.012677430510015046,0.86362880960804,0.8435221536735839,0.5027932960893855,0.9536423841059603,0.7789001122334456
SMOTEENN,28,0.011427234670547135,0.8681461831463466,0.849360755975542,0.5168539325842697,0.9541284403669725,0.7871396895787139
SMOTEENN,29,0.011925056370106862,0.8551812144762656,0.8294617563739377,0.4298245614035088,0.9503980404164115,0.7837837837837838
SMOTEENN,30,0.014227390291439906,0.8683799342070999,0.8442945474985947,0.5027322404371585,0.9603365384615384,0.7905405405405406
SMOTEENN,31,0.011904315482209441,0.8687355546152419,0.8474387527839644,0.5056179775280899,0.9570996978851963,0.7909604519774012
SMOTEENN,32,0.00987548072132433,0.8595583265837563,0.8369195922989807,0.4756756756756757,0.95551492992078,0.7722342733188721
SMOTEENN,33,0.010416944733094326,0.8621156783661778,0.8377614471452798,0.46938775510204084,0.9539951573849879,0.7892976588628763
SMOTEENN,34,0.010597387458111222,0.8631451591208711,0.8392554991539763,0.4816753926701571,0.9541616405307599,0.7892376681614349
SMOTEENN,35,0.010477254339079348,0.8605943546438736,0.8343767785998861,0.5193370165745856,0.9552599758162031,0.7787418655097614
SMOTEENN,36,0.009986499441770534,0.8714707360832777,0.850613154960981,0.5310734463276836,0.960582171012735,0.7874720357941835
SMOTEENN,37,0.00884122354117422,0.8582507574339564,0.8314350797266514,0.4723618090452261,0.9568913175470553,0.7763157894736842
SMOTEENN,38,0.011614912031681633,0.869959599248773,0.8522412838959601,0.5432098765432098,0.9536423841059603,0.7873303167420814
SMOTEENN,39,0.008374496044332639,0.8660688422835626,0.8446438586651711,0.5348837209302325,0.9546827794561934,0.7831858407079646
SMOTEENN,40,0.007451393812345049,0.8787362564447481,0.8629609246009906,0.5108695652173914,0.959902794653706,0.8027681660899654
SMOTEENN,41,0.008307639871865965,0.876053634193551,0.8626163108921729,0.5168539325842697,0.9546568627450981,0.798175598631699
SMOTEENN,42,0.010914980652236199,0.86519573041921,0.8504464285714286,0.5086705202312138,0.9490291262135923,0.779134295227525
SMOTEENN,43,0.009224185634907872,0.8614048358517922,0.8375778155065082,0.49214659685863876,0.9569957601453665,0.7756906077348066
SMOTEENN,44,0.008141803312760227,0.8695943106075066,0.8489612577203818,0.4787234042553192,0.9576271186440678,0.7950727883538634
SMOTEENN,45,0.007563043141332869,0.8641132015230999,0.8402032749858837,0.5058823529411764,0.9554753309265944,0.7859495060373216
SMOTEENN,46,0.0092036676578192,0.8671000058884843,0.8455103179029559,0.4942528735632184,0.9569436021831413,0.7884187082405345
SMOTEENN,47,0.006352865248089607,0.8739551977692239,0.853672004417449,0.5555555555555556,0.9600967351874244,0.7914317925591883
SMOTEENN,48,0.009578188279697291,0.8666272267761973,0.8429290106204583,0.47619047619047616,0.9586374695863747,0.7914798206278026
SMOTEENN,49,0.007193385336928421,0.8757740608128691,0.859504132231405,0.5443037974683544,0.9579524680073126,0.7933333333333333
SMOTEENN,50,0.008177592022376773,0.8671692475825756,0.8440469536053661,0.5057471264367817,0.9617950272892662,0.7804878048780488
SMOTEENN,51,0.005483648861732202,0.8724447334589314,0.8496366685299049,0.4842105263157895,0.9606775559588627,0.8027210884353742
SMOTEENN,52,0.007529099478571632,0.8745270837397814,0.8555555555555555,0.5113636363636364,0.9559975889089813,0.8054607508532423
SMOTEENN,53,0.006089528330329913,0.8764843048696005,0.8599779492833517,0.5202312138728323,0.9581564584596726,0.7995444191343963
SMOTEENN,54,0.0065651673008992545,0.8712447162058875,0.8558758314855875,0.5176470588235295,0.9526699029126213,0.7914798206278026
SMOTEENN,55,0.006152368793373742,0.8579876152974859,0.832291074474133,0.4742268041237113,0.9550089982003599,0.7762863534675615
SMOTEENN,56,0.006954041266151343,0.8709852212255547,0.8504464285714286,0.48128342245989303,0.959902794653706,0.7941507311586051
SMOTEENN,57,0.006015666787246247,0.8698987605643491,0.8481439820022497,0.5077720207253886,0.9592209373097992,0.7911111111111111
SMOTEENN,58,0.0059026385058956075,0.8742212849454977,0.8558758314855875,0.5308641975308642,0.9573690621193667,0.7969094922737306
SMOTEENN,59,0.0064504021254224286,0.8641576583854301,0.8416901408450704,0.5111111111111111,0.9537537537537537,0.785234899328859
SMOTEENN,60,0.006595559513665058,0.8679332626384543,0.8484175458078845,0.4918032786885246,0.9565217391304348,0.7870680044593088
