Imbalance_Method,Epoch,Train_Loss,Validation_Weighted_F1
None,0,0.3778641427486715,0.8836053443195653
None,1,0.281139043225369,0.8939550687676319
None,2,0.26032575524189105,0.9001288060780626
None,3,0.25092040453578385,0.909188490104694
None,4,0.24136668149854096,0.902991946166931
None,5,0.23660304197962856,0.9094916187521888
None,6,0.22641398936090334,0.9101310683526112
None,7,0.22043501711647276,0.9116718531235595
None,8,0.21067265216523492,0.9100949594677992
None,9,0.2143247676357417,0.9053050522866223
None,10,0.20063598391035914,0.9153024111436796
None,11,0.19764673132711733,0.9072377113831172
None,12,0.19418182108603732,0.9144593937356162
None,13,0.18947253292295294,0.9181404828063453
None,14,0.1832923721784437,0.9186228893359689
None,15,0.1775377187615549,0.9148496683341975
None,16,0.17581794668041484,0.9158377853899428
None,17,0.16911320808068128,0.9127252486794366
None,18,0.16516415271121013,0.91050347273593
None,19,0.1610697187798124,0.9077376204580769
None,20,0.15359900676658456,0.9110400149343649
None,21,0.14928855185567494,0.9100293935155342
None,22,0.14269854836690593,0.9171380395468317
None,23,0.13754703860047837,0.9135034918930637
None,24,0.1390568852739435,0.9092354452598812
None,25,0.13189223193576638,0.9126762565026434
None,26,0.1282354212877616,0.9115016231031623
None,27,0.1278274145869302,0.9113597278415109
None,28,0.12512580486355532,0.9137361273501374
None,29,0.11990319433766351,0.9119270625477525
None,30,0.116140095858087,0.9122346176144508
None,31,0.11486285694048438,0.9163673600425186
None,32,0.10430060812390186,0.9148750091229648
None,33,0.10389392980387513,0.9139335125033583
None,34,0.10882883957049376,0.909977855574262
WeightedCE,0,0.5386517003808223,0.8183351458685726
WeightedCE,1,0.4202434360771112,0.851793934938862
WeightedCE,2,0.3905087283379595,0.8699298374381453
WeightedCE,3,0.37036250961918227,0.871198427382651
WeightedCE,4,0.3425389539817689,0.8624142730916764
WeightedCE,5,0.3288108535425764,0.8779818144544886
WeightedCE,6,0.3217769595728794,0.8610432091161503
WeightedCE,7,0.3061313290201442,0.8858967059786726
WeightedCE,8,0.2978053651225399,0.8780996367035463
WeightedCE,9,0.28218644720987535,0.8808699915233462
WeightedCE,10,0.27989140079474784,0.8729897417069502
WeightedCE,11,0.270283134995212,0.8778373687673893
WeightedCE,12,0.26891718238172396,0.8768096497624281
WeightedCE,13,0.2564676240296431,0.8824851197688021
WeightedCE,14,0.2451707966310877,0.888575868291478
WeightedCE,15,0.250984347412284,0.8849435200380766
WeightedCE,16,0.2808584153757129,0.8876775477800706
WeightedCE,17,0.24709196084401977,0.8886187039774862
WeightedCE,18,0.22683279489127683,0.8881060904114404
WeightedCE,19,0.2240841611170433,0.8984498842604607
WeightedCE,20,0.21721903171757578,0.8989498209186314
WeightedCE,21,0.22625726015425066,0.8905661809055639
WeightedCE,22,0.20183384696572598,0.8986351700849828
WeightedCE,23,0.20035322466996355,0.8940814072217195
WeightedCE,24,0.19879099747664492,0.8858767040980948
WeightedCE,25,0.17891741795858868,0.8917451246475322
WeightedCE,26,0.19273732718027814,0.8979872999772038
WeightedCE,27,0.20152652735861254,0.9001475403062051
WeightedCE,28,0.18851218545730686,0.9057128107520913
WeightedCE,29,0.18372287921292682,0.8857847135707234
WeightedCE,30,0.1738701231882606,0.8928546708269561
WeightedCE,31,0.16861081553596846,0.8982361463090212
WeightedCE,32,0.1682812943005226,0.9069921906610017
WeightedCE,33,0.1788398355350528,0.8993105861940978
WeightedCE,34,0.20503900357535187,0.8978593584813674
WeightedCE,35,0.172928170471544,0.8976016464160217
WeightedCE,36,0.17104873942657256,0.9079940494039808
WeightedCE,37,0.1538267968825891,0.8984592324275998
WeightedCE,38,0.14991713351976704,0.9078610537399268
WeightedCE,39,0.15102327399900262,0.9036492414924907
WeightedCE,40,0.14276013630901424,0.8968456472661115
WeightedCE,41,0.14546860366220205,0.9053751813964751
WeightedCE,42,0.14919439564183565,0.8973557192598894
WeightedCE,43,0.1437441757027532,0.9062265900291304
WeightedCE,44,0.13821770387216353,0.9072985894541608
WeightedCE,45,0.13664335867678615,0.8968048672325304
WeightedCE,46,0.1374947507931313,0.9118439041319363
WeightedCE,47,0.13788848365066755,0.9083993141595701
WeightedCE,48,0.1437441005148518,0.9058425650371396
WeightedCE,49,0.12728795118000305,0.9027816164545501
WeightedCE,50,0.13256880766908888,0.9079648502188157
WeightedCE,51,0.12543447884980222,0.9036161074379951
WeightedCE,52,0.12599058611921862,0.9071250917879239
WeightedCE,53,0.11149053152283313,0.9001429200796869
WeightedCE,54,0.11678702901051917,0.9077190229536
WeightedCE,55,0.11399827052799749,0.9070139610697332
WeightedCE,56,0.14283717814570582,0.9069545453672742
WeightedCE,57,0.15623614858363716,0.9020019453547568
WeightedCE,58,0.12360863057030759,0.9058646968201549
WeightedCE,59,0.11627407744526863,0.9123671142710812
WeightedCE,60,0.10988407290842332,0.9112575780742772
WeightedCE,61,0.10683321367791841,0.904059325223619
WeightedCE,62,0.11467105315499743,0.9073841249418636
WeightedCE,63,0.10346398462580753,0.908017795636161
WeightedCE,64,0.10192454349197133,0.9050451437694963
WeightedCE,65,0.10337246133303138,0.9004563475095118
WeightedCE,66,0.09978859441381105,0.9128196789183517
WeightedCE,67,0.10384251313730025,0.9081870434389833
WeightedCE,68,0.10290962963981527,0.8975682121835438
WeightedCE,69,0.10273915182956507,0.9063324074864939
WeightedCE,70,0.0906872668526542,0.9108095014804342
WeightedCE,71,0.08833410053081076,0.9069749462328117
WeightedCE,72,0.09063968427059516,0.9070427383981289
WeightedCE,73,0.08503693460263836,0.9092688019490752
WeightedCE,74,0.09937614921323011,0.9076672885608584
WeightedCE,75,0.08967528220685855,0.9022075511497119
WeightedCE,76,0.0927990034589885,0.9056271521056987
WeightedCE,77,0.0841152261103123,0.9060884613751377
WeightedCE,78,0.08707878976063409,0.9088826649280543
WeightedCE,79,0.08717079515713201,0.9070266754298918
Focal,0,0.09158125299383217,0.8579545280518811
Focal,1,0.06684346093048513,0.8776557159019034
Focal,2,0.06026918071151619,0.8805329806409719
Focal,3,0.056103272940701165,0.8813760047907588
Focal,4,0.052022969481390964,0.8815329522103645
Focal,5,0.05101081281638061,0.8924092867506818
Focal,6,0.048118489387799314,0.8824532445892078
Focal,7,0.047444645774511386,0.8990276011376356
Focal,8,0.04350913191397845,0.8909015376592353
Focal,9,0.04249350783008505,0.8720849412484656
Focal,10,0.04367746143851062,0.8617859631797243
Focal,11,0.0407503198202647,0.8889826470422559
Focal,12,0.04062836058437824,0.8887440577568292
Focal,13,0.038701952107145755,0.8849595816445114
Focal,14,0.03914023087110738,0.8943191286435729
Focal,15,0.03810213552132039,0.8908132642917339
Focal,16,0.04335197202966247,0.8927866414950488
Focal,17,0.03702972519775512,0.8916695250318976
Focal,18,0.03574088651319625,0.890792098130155
Focal,19,0.03421682287269915,0.9073063787222769
Focal,20,0.03219097577245303,0.8958032581378668
Focal,21,0.032891650251309634,0.9018743555677055
Focal,22,0.030868074607471346,0.8968956251955853
Focal,23,0.029997387468080287,0.9024881794216462
Focal,24,0.029675173369879033,0.886161521598845
Focal,25,0.030807239974153713,0.9002958385457646
Focal,26,0.029225714373546586,0.8994945089766018
Focal,27,0.028151484862179825,0.90130116428136
Focal,28,0.027705550698799566,0.9058420308369763
Focal,29,0.02773775028484598,0.8887390312348541
Focal,30,0.02723536514480349,0.9008324260527684
Focal,31,0.024684858764193848,0.9060717062494453
Focal,32,0.025445488176610267,0.9075708528727354
Focal,33,0.026759552592280467,0.9020708440117841
Focal,34,0.02656282350735765,0.9074776926679764
Focal,35,0.026339981265523484,0.9025548229414692
Focal,36,0.02644542927368426,0.9108002093179653
Focal,37,0.023536292973800863,0.8983177484386464
Focal,38,0.023009058055271144,0.9024324418594842
Focal,39,0.022428911094042197,0.9091565494009115
Focal,40,0.023165883132400856,0.8974861810171944
Focal,41,0.02082495826204688,0.902494740502975
Focal,42,0.022086736319822744,0.9104547717703122
Focal,43,0.02202953497262698,0.9052996374473076
Focal,44,0.020511617182268644,0.906028155054757
Focal,45,0.019281082327516987,0.9092452763336154
Focal,46,0.02076382450365894,0.9079637969456267
Focal,47,0.019492192436534335,0.904069490964779
Focal,48,0.022431600333886668,0.9104006245945573
Focal,49,0.018578589933229164,0.9023560545911865
Focal,50,0.017728304870846406,0.9063345265887156
Focal,51,0.018604480340079943,0.9060350856307254
Focal,52,0.019853470853569224,0.9086564304666074
Focal,53,0.01747430946914033,0.9092861706622092
Focal,54,0.018493743173935463,0.9008590796006072
Focal,55,0.019491870815432827,0.9014489213136119
Focal,56,0.020995134284431245,0.9126647015691642
Focal,57,0.01904879996395657,0.9000053297767202
Focal,58,0.016285303099618727,0.9076407184725636
Focal,59,0.015500891691362354,0.9128700854055671
Focal,60,0.015412987140991109,0.9121115808306051
Focal,61,0.016494032841595545,0.9086019916635064
Focal,62,0.018467122324886665,0.898086470771125
Focal,63,0.018960590989158397,0.9063045508890873
Focal,64,0.015045928863913451,0.9083882579506168
Focal,65,0.014283966250114247,0.9093513905602241
Focal,66,0.015034651262423312,0.9087671489233308
Focal,67,0.014828887840234478,0.9095338904454091
Focal,68,0.014743026024596373,0.9069876575875544
Focal,69,0.016740179315707843,0.9084682940623865
Focal,70,0.013824983037562228,0.9027309958839758
Focal,71,0.013405820617163685,0.9035616173519189
Focal,72,0.013768451275225257,0.9072187827923693
Focal,73,0.012547004318625574,0.9117017201891681
Focal,74,0.014247365515600418,0.9065994664418784
Focal,75,0.014206931486883213,0.9056898791440829
Focal,76,0.012570021100158632,0.9076739299878184
Focal,77,0.012638546037815616,0.9103311105806017
Focal,78,0.01240119379026894,0.904302892528547
Focal,79,0.012062204126137453,0.9134232472902118
SMOTEENN,0,0.19512654544483304,0.7944650584436254
SMOTEENN,1,0.09580732573857483,0.8468328933222632
SMOTEENN,2,0.07257380121002334,0.8321046181541965
SMOTEENN,3,0.0620362794524088,0.8460781492189609
SMOTEENN,4,0.05298825290483174,0.834511323156712
SMOTEENN,5,0.04734993590461334,0.8655995009555763
SMOTEENN,6,0.041428834585112116,0.862228833716458
SMOTEENN,7,0.03634975186953838,0.8606920730887155
SMOTEENN,8,0.03537928566570681,0.8694021017483552
SMOTEENN,9,0.03246526120484109,0.8524476339018494
SMOTEENN,10,0.029982469815039197,0.8679123011402231
SMOTEENN,11,0.027451479510057972,0.8580444131159791
SMOTEENN,12,0.02571238216417427,0.8576288284288641
SMOTEENN,13,0.024840504596624232,0.8509421623283522
SMOTEENN,14,0.022126052309198216,0.8646925324123266
SMOTEENN,15,0.023651268811048013,0.8664102509586505
SMOTEENN,16,0.02063214683939376,0.867308987700728
SMOTEENN,17,0.01998290626627164,0.8644616656233914
SMOTEENN,18,0.018684330691963784,0.8645176626328717
SMOTEENN,19,0.01821847855544976,0.8659462067486836
SMOTEENN,20,0.01558127508593811,0.8654125674234185
SMOTEENN,21,0.01618206652164147,0.8595400550815803
SMOTEENN,22,0.016980395274461095,0.8705139851176882
SMOTEENN,23,0.0163705402391558,0.8597381035372341
SMOTEENN,24,0.01555952462867507,0.859068449633366
SMOTEENN,25,0.013384343939833343,0.8511156351296189
SMOTEENN,26,0.0139010295629043,0.860735667875898
SMOTEENN,27,0.012677430510015046,0.86362880960804
SMOTEENN,28,0.011427234670547135,0.8681461831463466
SMOTEENN,29,0.011925056370106862,0.8551812144762656
SMOTEENN,30,0.014227390291439906,0.8683799342070999
SMOTEENN,31,0.011904315482209441,0.8687355546152419
SMOTEENN,32,0.00987548072132433,0.8595583265837563
SMOTEENN,33,0.010416944733094326,0.8621156783661778
SMOTEENN,34,0.010597387458111222,0.8631451591208711
SMOTEENN,35,0.010477254339079348,0.8605943546438736
SMOTEENN,36,0.009986499441770534,0.8714707360832777
SMOTEENN,37,0.00884122354117422,0.8582507574339564
SMOTEENN,38,0.011614912031681633,0.869959599248773
SMOTEENN,39,0.008374496044332639,0.8660688422835626
SMOTEENN,40,0.007451393812345049,0.8787362564447481
SMOTEENN,41,0.008307639871865965,0.876053634193551
SMOTEENN,42,0.010914980652236199,0.86519573041921
SMOTEENN,43,0.009224185634907872,0.8614048358517922
SMOTEENN,44,0.008141803312760227,0.8695943106075066
SMOTEENN,45,0.007563043141332869,0.8641132015230999
SMOTEENN,46,0.0092036676578192,0.8671000058884843
SMOTEENN,47,0.006352865248089607,0.8739551977692239
SMOTEENN,48,0.009578188279697291,0.8666272267761973
SMOTEENN,49,0.007193385336928421,0.8757740608128691
SMOTEENN,50,0.008177592022376773,0.8671692475825756
SMOTEENN,51,0.005483648861732202,0.8724447334589314
SMOTEENN,52,0.007529099478571632,0.8745270837397814
SMOTEENN,53,0.006089528330329913,0.8764843048696005
SMOTEENN,54,0.0065651673008992545,0.8712447162058875
SMOTEENN,55,0.006152368793373742,0.8579876152974859
SMOTEENN,56,0.006954041266151343,0.8709852212255547
SMOTEENN,57,0.006015666787246247,0.8698987605643491
SMOTEENN,58,0.0059026385058956075,0.8742212849454977
SMOTEENN,59,0.0064504021254224286,0.8641576583854301
SMOTEENN,60,0.006595559513665058,0.8679332626384543
